all_Y_subjects,class_1_train_ratio,class_1_test_ratio,class_2_train_ratio,class_2_test_ratio,class_3_train_ratio,class_3_test_ratio,behavior,train_subjects,test_subjects,all_subjects_X
10057,0.3333333333333333,0.7793240556660039,0.3333333333333333,0.0780318091451292,0.3333333333333333,0.1426441351888668,,,,
10057,0.3333333333333333,0.7793240556660039,0.3333333333333333,0.0780318091451292,0.3333333333333333,0.1426441351888668,handness,,,
10057,0.3333333333333333,0.7793240556660039,0.3333333333333333,0.0780318091451292,0.3333333333333333,0.1426441351888668,handness,1637.0,,
10057,0.798409147402436,0.7793240556660039,0.0678598061148396,0.0780318091451292,0.1337310464827243,0.1426441351888668,handness,8045.0,2011.0,
10057,0.798409147402436,0.7793240556660039,0.06785980611483967,0.07803180914512922,0.13373104648272433,0.1426441351888668,handness,8045.0,2011.0,11098.0
